periodo,valor
Ene.2010,0.0282026826305402
Feb.2010,0.716496293147284
Mar.2010,0.736804375432651
Abr.2010,0.737193474133757
May.2010,0.732317742948974
Jun.2010,0.732562774887864
Jul.2010,0.732708050475676
Ago.2010,0.734128122514029
Sep.2010,0.733342949061295
Oct.2010,0.730367721014737
Nov.2010,0.645570165620748
Dic.2010,0.57812140904651
Ene.2011,0.535314915478589
Feb.2011,0.543561284837606
Mar.2011,0.469792963170089
Abr.2011,0.474360136711953
May.2011,0.473676741310864
Jun.2011,0.473235563756579
Jul.2011,0.497771867646993
Ago.2011,0.507007540385165
Sep.2011,0.509831310285163
Oct.2011,0.513627298208764
Nov.2011,0.512391481836876
Dic.2011,0.350885496458291
Ene.2012,0.361229550974872
Feb.2012,0.364159149578047
Mar.2012,0.365316512056584
Abr.2012,0.529256393100924
May.2012,0.4677598056956
Jun.2012,0.480700048677441
Jul.2012,0.49463975499365
Ago.2012,0.498450708049787
Sep.2012,0.493894906584898
Oct.2012,0.489666367788945
Nov.2012,0.480646744466599
Dic.2012,0.483785847391775
Ene.2013,0.47473125929497
Feb.2013,0.48003416622705
Mar.2013,0.50265419691688
Abr.2013,0.506064657101255
May.2013,0.514124113035842
Jun.2013,0.529480046810042
Jul.2013,0.538797976061625
Ago.2013,0.549461027601135
Sep.2013,0.555009741286468
Oct.2013,0.559578191667383
Nov.2013,0.564261462242616
Dic.2013,0.504145043810697
Ene.2014,0.517171446348976
Feb.2014,0.527402388431624
Mar.2014,0.39367745941168
Abr.2014,0.300905467442863
May.2014,0.311915938513673
Jun.2014,0.264791736656856
Jul.2014,0.255639493649251
Ago.2014,0.117567985357403
Sep.2014,-0.0441142093552152
Oct.2014,-0.0296890180077339
Nov.2014,-0.0418233901520112
Dic.2014,-0.0861006070263658
Ene.2015,-0.137087697684065
Feb.2015,-1.45074567193446
Mar.2015,-1.45378554676287
Abr.2015,-1.33785147687534
May.2015,-1.28019900628164
Jun.2015,-1.23633447194853
Jul.2015,-1.26895282051008
Ago.2015,-1.420261217701
Sep.2015,-1.48105808057372
Oct.2015,-1.48294313075629
Nov.2015,-1.45431284053031
Dic.2015,-1.74780166659689
Ene.2016,-1.44844600949188
Feb.2016,-1.45074567193446
Mar.2016,-1.48945373507872
Abr.2016,-1.51696661696639
May.2016,-1.55671589401906
Jun.2016,-1.58752565923541
Jul.2016,-1.61580632167575
Ago.2016,-1.72420807178183
Sep.2016,-1.7114301190989
Oct.2016,-1.6904019052424
Nov.2016,-1.71313982216466
Dic.2016,-1.74780166659689
Ene.2017,-1.76916188207132
Feb.2017,-1.81719940934407
Mar.2017,-2.07952114140922
Abr.2017,-2.01012164834539
May.2017,-2.16094208726298
Jun.2017,-2.35119353887698
Jul.2017,-2.4950438011841
Ago.2017,-2.73269778616665
Sep.2017,-2.69696911695962
Oct.2017,-2.64671319009139
Nov.2017,-2.66820944353145
Dic.2017,-2.75315398490788
Ene.2018,4.74185233369854
Feb.2018,4.8299207106095
Mar.2018,5.10389486698445
Abr.2018,5.21977348679378
May.2018,5.31673446254606
Jun.2018,5.47897923830037
Jul.2018,5.42784520198071
Ago.2018,5.45882412402013
Sep.2018,5.50307621743488
Oct.2018,5.44074380444439
Nov.2018,5.289561944672
Dic.2018,5.27444936791821
Ene.2019,5.30405853561891
Feb.2019,5.32575081739628
Mar.2019,5.36997198717372
Abr.2019,5.35789225712856
May.2019,5.30469991300508
Jun.2019,5.42908244295003
Jul.2019,5.43508215429496
Ago.2019,5.49425780109156
Sep.2019,5.50213074892423
Oct.2019,5.45298769757767
Nov.2019,5.38566952056106
Dic.2019,5.41776024228771
Ene.2020,5.38251729945005
Feb.2020,5.43053210984598
Mar.2020,5.41724167938187
Abr.2020,5.03069514196346
May.2020,5.80078477378349
Jun.2020,6.51049708066423
Jul.2020,5.91036285085404
Ago.2020,5.67374158218181
Sep.2020,6.01246061784811
Oct.2020,6.6753345953805
Nov.2020,6.7898823856362
Dic.2020,7.07891640266421
Ene.2021,7.48384624355381
Feb.2021,8.25382297352422
Mar.2021,9.16111846444282
Abr.2021,9.02270107727956
May.2021,8.94059722948758
Jun.2021,8.95191592105814
Jul.2021,8.53254467532884
Ago.2021,8.35436120269508
Sep.2021,8.11664866178278
Oct.2021,8.34964340648573
Nov.2021,6.7507829789994
Dic.2021,6.7873377649766
Ene.2022,6.92223052629396
Feb.2022,6.71380365989005
Mar.2022,6.86326846715458
Abr.2022,6.72872224041305
May.2022,6.87951185316677
Jun.2022,6.85113269079384
Jul.2022,6.81238289895775
Ago.2022,6.50962789040075
Sep.2022,6.62270426605895
Oct.2022,6.73311668835263
Nov.2022,5.88284550751001
Dic.2022,5.56619160795089
Ene.2023,4.97323397987653
Feb.2023,4.52160013987104
Mar.2023,5.02561255130498
Abr.2023,5.51403324940532
May.2023,6.09706474392844
Jun.2023,6.31329843134432
Jul.2023,6.36922864425522
Ago.2023,6.51310095820349
Sep.2023,6.2929152499935
Oct.2023,6.43078295176619
Nov.2023,6.40391599538369
Dic.2023,6.34694006764102
Ene.2024,6.31385495891276
Feb.2024,6.42799977813299
Mar.2024,6.72612927704372
Abr.2024,6.70188366639851
May.2024,7.3
Jun.2024,7.43
Jul.2024,7.45139054993645
Ago.2024,7.29622941415064
Sep.2024,7.05869490027756
Oct.2024,6.97132857285828
Nov.2024,6.71
Dic.2024,6.63
Ene.2025,6.13
Feb.2025,5.8
Mar.2025,5.65
Abr.2025,5.45
May.2025,5.3
Jun.2025,5.23
Jul.2025,5.11
Ago.2025,4.95
Sep.2025,4.76
Oct.2025,4.61
Nov.2025,4.4
Dic.2025,4.37
Ene.2026,4.12
Feb.2026,4.01
Mar.2026,4.07
Abr.2026,4
May.2026,3.93
Jun.2026,3.89
